files,390,341
back,491,2860
cock,2,2578
time,984,1553
make,914,932
felt,36,1673
head,349,1350
began,97,1525
made,501,1099
add,1507,36
good,710,820
hand,93,1412
looked,46,1416
told,139,1289
put,466,931
started,131,1262
hard,275,1102
long,378,926
water,1106,183
people,1042,232
held,759,509
wanted,160,1105
ann,27,1231
computer,1216,35
small,782,449
pulled,29,1196
knew,63,1114
black,443,728
feel,151,1016
thought,171,987
recipe,1150,1
rate,1118,8
hands,68,994
set,800,257
large,736,305
hot,403,635
place,752,277
found,391,632
years,808,215
asked,177,842
white,513,493
body,101,904
left,342,661
legs,21,978
inside,108,885
big,189,784
mouth,35,933
file,901,65
eyes,61,899
turned,87,867
minutes,574,362
million,912,13
party,819,103
fuck,15,902
ass,6,907
land,877,18
oil,834,59
salt,869,7
system,865,9
work,460,406
pussy,2,858
red,558,301
top,360,491
face,80,765
moved,71,773
part,506,336
national,832,6
find,453,375
number,736,85
cunt,0,814
room,188,620
cum,2,802
give,335,461
growth,786,9
front,161,630
tongue,8,782
population,786,3
information,758,25
love,132,646
side,304,473
program,760,17
high,534,242
girl,27,732
things,295,464
door,298,456
reached,45,696
real,452,287
man,159,578
slowly,69,662
day,350,371
heat,624,93
cup,644,73
total,674,42
young,110,599
sugar,705,3
continued,238,467
fingers,32,664
lips,5,688
government,666,12
chopped,665,1
great,405,258
open,260,397
gave,103,551
call,465,179
end,353,286
bed,30,599
world,541,88
food,592,35
full,229,397
making,221,404
stir,611,8
sat,29,587
times,371,242
david,101,510
including,581,29
cream,526,83
home,266,342
hair,74,531
cut,467,136
blue,476,126
labor,591,7
deep,100,494
telephone,571,17
called,377,205
half,325,253
defense,576,2
life,398,171
walked,15,553
breasts,37,530
military,559,8
thing,200,360
house,326,233
green,482,70
billion,551,1
finally,83,467
line,470,79
natural,507,42
year,385,162
wet,36,510
pretty,105,440
lot,216,329
message,494,51
stood,20,518
cook,524,12
girls,23,509
show,205,326
finger,30,499
copy,511,17
runways,527,0
spread,125,400
warm,180,345
watched,8,514
night,108,414
disk,516,5
slightly,311,207
hips,0,517
light,308,208
read,342,174
heard,100,414
rest,176,337
prick,18,492
feeling,44,466
remove,463,46
bit,143,362
age,440,63
mix,486,14
suck,4,492
turn,253,243
sauce,494,2
current,479,16
pepper,493,0
servings,491,0
pushed,18,472
point,295,194
ground,394,95
free,330,153
business,415,66
cooking,470,8
flour,478,0
guys,36,440
short,252,223
run,279,193
economy,471,1
fucking,19,450
combine,468,1
version,454,14
dick,13,454
butter,463,4
capita,467,0
slid,0,463
wife,53,410
soft,115,347
close,125,335
sucked,1,455
couple,122,334
start,241,215
juice,367,89
chicken,446,10
includes,454,2
main,401,54
general,436,16
data,446,5
bring,288,161
major,418,31
phone,349,99
cover,371,77
opened,47,400
sucking,2,442
kind,177,267
size,326,118
move,138,305
air,305,138
bake,436,0
expenditures,433,0
political,431,1
tight,13,418
gently,87,343
blonde,286,144
ca,429,1
lay,30,398
live,373,55
decided,76,350
mind,98,327
state,364,59
control,283,137
children,365,54
type,342,75
woman,38,377
mike,50,364
licked,0,413
makes,331,82
arms,83,329
low,308,103
access,353,58
quickly,87,322
running,147,261
ready,103,304
brown,265,142
sex,39,365
hold,147,257
na,404,0
kissed,0,403
john,225,178
service,365,37
taking,106,295
mixture,384,16
based,391,7
earth,379,18
dry,360,33
guy,50,341
fucked,5,385
form,313,77
dark,126,263
balls,42,345
files,385,2
coming,96,289
force,304,81
watching,30,354
taste,211,170
communications,380,0
command,365,14
grabbed,4,373
stop,120,257
working,192,185
baking,374,1
return,299,75
milk,347,26
mark,127,245
leave,195,177
fresh,328,44
economic,368,1
remember,167,201
men,65,301
egg,360,6
brought,68,297
fast,259,105
game,294,69
jim,62,294
play,139,217
cold,269,87
lemon,355,1
living,153,202
naked,3,351
send,289,65
industrial,353,1
nipples,2,351
nice,112,239
area,246,104
member,283,67
serve,333,17
garlic,348,1
software,349,0
group,266,82
panties,2,344
wearing,25,321
key,330,16
mother,51,293
bottom,146,198
ran,29,314
guess,75,268
oz,342,1
longer,173,169
radio,332,9
bill,106,234
forces,332,8
sound,187,152
exchange,328,10
june,286,51
french,299,38
cool,230,106
inch,167,168
electronic,328,7
law,325,9
user,333,1
legal,332,1
penis,4,328
special,219,113
watch,78,253
stopped,23,307
shot,66,264
voice,117,213
civil,328,1
stand,143,185
al,175,152
box,278,49
standing,29,297
completely,102,224
list,309,17
pour,315,11
wait,109,216
mail,283,42
section,316,9
press,261,62
screen,298,25
idea,138,184
words,190,131
noticed,24,296
drive,215,105
character,315,5
knees,2,317
roger,27,292
capital,316,2
oven,317,1
tom,50,267
south,310,7
legislative,317,0
female,234,82
address,289,26
smiled,6,308
dough,314,0
parties,290,23
local,263,49
ocean,299,12
feet,53,256
lower,171,138
word,225,83
order,244,64
council,308,0
public,258,49
court,300,7
car,132,174
change,227,79
recipes,306,0
susan,4,301
hit,115,190
drop,188,117
pull,47,257
fit,229,75
ice,253,51
level,265,39
reach,159,144
source,288,15
permanent,294,9
beat,249,53
boys,12,289
lost,136,165
hours,189,112
check,245,56
pressed,32,267
women,59,240
days,203,96
text,283,16
united,293,6
inches,84,214
boy,24,271
pleasure,24,271
hear,88,207
talk,101,194
external,290,5
net,291,4
thick,81,213
covered,98,195
realized,17,275
load,58,234
forward,62,230
story,70,222
english,273,19
remaining,275,17
write,235,55
center,221,68
maritime,289,0
closed,60,228
cups,269,19
sitting,40,246
worked,48,238
past,117,169
western,276,9
holding,33,250
lightly,187,96
means,260,23
republic,283,0
office,124,158
moving,62,219
death,265,16
forest,270,11
november,279,2
moment,18,262
script,275,5
floor,52,227
hope,162,117
medium,270,9
de,273,6
cheese,274,5
administrative,277,2
power,228,49
include,269,8
alice,8,268
programs,275,1
thinking,48,227
board,232,43
dana,2,272
tits,1,272
caught,27,246
chief,265,8
executive,265,8
kiss,15,257
bad,174,98
important,234,38
communist,271,1
leaned,2,269
allen,9,262
table,98,173
international,269,2
judicial,271,0
sweet,114,156
single,211,59
heavy,159,109
rubbed,5,262
needed,114,153
march,264,3
skin,52,214
north,252,12
development,259,5
trade,252,11
beautiful,18,244
person,195,67
object,234,28
contact,166,95
birth,243,18
arable,261,0
licking,1,259
suddenly,20,240
father,32,228
material,122,138
school,83,176
enjoy,92,167
pulling,14,244
talking,77,181
hackers,258,0
lick,5,252
giving,49,208
wide,83,174
case,197,60
april,200,57
meat,200,57
thighs,1,255
slipped,6,249
fell,27,228
huge,41,214
kids,102,153
democratic,255,0
friend,65,189
simply,172,82
money,209,45
bread,251,3
sort,86,167
powder,250,3
territorial,253,0
secret,179,73
computers,249,3
organized,250,1
dos,250,0
geography,250,0
unemployment,250,0
fun,82,167
playing,90,159
added,175,74
extended,214,35
standard,239,10
systems,245,4
echo,246,3
rice,248,1
comparative,249,0
dc,249,0
support,226,22
middle,95,152
ethnic,247,0
friends,72,174
edge,110,136
inflation,246,0
rubbing,8,237
reading,177,68
create,239,6
meadows,244,1
onion,245,0
arm,21,223
touch,51,193
met,55,189
till,122,122
easy,149,95
west,231,13
december,239,5
pan,241,3
care,86,157
prime,238,5
pressure,153,89
space,218,24
states,237,5
harry,6,235
san,232,9
orgasm,13,227
position,70,170
continue,173,67
technology,240,0
dress,5,234
tsp,239,0
rolled,27,211
entire,125,113
loved,22,215
complete,147,90
amount,190,47
ingredients,235,2
september,236,1
revenues,237,0
meet,79,157
early,153,83
windows,215,21
july,227,9
posted,229,7
sit,66,169
sliced,227,8
countries,232,3
clothes,20,213
hole,56,177
immediately,98,135
previous,173,60
chest,14,218
finished,40,192
filled,47,185
chance,69,163
pants,6,225
fact,111,120
copyright,208,23
stirring,214,17
husband,11,219
picked,36,194
accounts,225,5
led,60,169
stuff,104,125
hour,117,112
company,188,41
american,217,12
bent,8,220
tiny,29,199
waiting,45,183
golden,172,56
book,175,53
thin,95,132
begin,98,129
february,222,5
bilateral,227,0
sexual,10,216
tv,177,48
members,199,26
pay,157,67
bell,203,21
transport,223,1
diplomatic,224,0
question,161,62
indian,187,36
code,208,15
security,215,8
central,217,6
fiscal,223,0
minced,223,0
nm,223,0
round,84,137
fertility,220,1
matter,126,94
returned,57,162
stay,59,160
larger,173,46
note,180,39
east,199,20
stepped,3,215
sister,8,209
smooth,67,150
problem,160,57
sprinkle,215,2
expectancy,217,0
migration,217,0
infant,216,0
mortality,216,0
skirt,2,213
jimmy,5,210
effect,129,86
apple,208,7
births,215,0
showed,58,156
frank,162,52
bulletin,209,5
string,184,29
bowl,196,16
strong,83,128
paper,174,37
common,193,18
firm,55,155
quick,81,129
pink,14,195
process,171,38
slide,39,169
sounds,74,134
beginning,83,125
step,132,76
private,135,73
view,86,121
crushed,183,24
fish,193,14
british,204,3
islands,206,1
experience,105,101
hacker,192,14
president,195,11
eggs,203,3
january,203,3
soup,204,2
george,110,95
clear,117,88
supreme,199,6
washington,203,2
universal,205,0
pair,26,178
tightly,34,170
length,53,151
roll,148,56
subject,169,35
users,203,1
allowed,81,122
music,154,49
display,164,39
personal,170,33
services,188,15
lifted,4,198
barbara,7,195
dropped,36,166
starting,79,123
god,101,101
written,146,56
defined,200,2
entered,62,139
ten,80,121
double,137,64
upper,145,56
potatoes,195,6
beef,198,3
totally,48,152
speed,163,37
thrust,4,195
straight,37,162
leaving,68,131
glass,106,93
buy,158,41
cat,180,19
sperm,5,193
clean,84,114
changed,102,96
art,189,9
page,189,9
products,197,1
fully,68,129
ride,105,92
corner,129,68
star,181,16
stroked,0,196
breath,12,184
mary,33,163
eat,104,92
wave,112,84
dried,180,16
beans,193,3
removed,65,130
prepared,130,65
future,175,20
tip,27,167
happened,55,139
act,111,83
energy,163,31
laid,18,175
week,91,102
santa,191,2
males,174,18
provide,178,14
attention,43,148
late,88,103
piece,98,93
billy,27,163
dinner,40,150
action,133,57
enter,143,47
direct,164,26
raised,25,164
older,47,142
date,133,56
player,178,11
modem,189,0
harder,16,172
drove,18,170
heart,40,148
wild,62,126
passed,68,120
yellow,148,40
doorway,160,28
minister,184,4
october,186,2
simmer,188,0
brother,21,166
easily,95,92
family,96,91
country,160,27
roman,186,1
virtual,186,1
telling,46,140
faster,57,129
chapter,68,118
break,92,94
movement,145,41
lines,156,30
satellite,186,0
leg,13,172
enjoyed,16,169
favorite,123,62
liquid,132,52
TRUE,136,48
image,149,35
additional,163,21
orange,174,10
season,178,6
foreign,180,4
mode,183,1
class,111,72
human,147,36
difference,162,21
pie,177,6
notice,69,113
fat,135,47
police,170,12
southern,174,8
moaned,0,181
excited,7,174
neck,18,163
building,79,102
lots,99,82
limited,170,11
vegetable,179,2
heather,2,178
shorts,3,177
caused,86,94
leather,10,169
wrapped,14,165
minute,77,102
base,81,98
directly,115,64
reason,105,73
sun,105,73
created,155,23
similar,157,21
individual,167,11
vanilla,177,1
bob,63,114
slow,70,107
answer,105,72
handle,106,71
wine,146,31
drain,168,9
continental,177,0
pushing,14,162
talked,34,142
job,69,107
catch,79,97
club,113,63
video,139,37
basic,166,10
flag,170,6
push,39,136
rub,42,133
wear,48,127
turning,82,93
nancy,112,63
smaller,137,38
takes,138,37
questions,143,32
york,151,24
pubic,2,172
walk,59,115
months,80,94
flat,93,81
fine,116,58
social,166,8
aircraft,174,0
swollen,3,170
pain,14,159
mom,18,155
barely,26,147
ring,98,75
store,106,67
interest,114,59
knowing,22,150
save,138,34
magic,150,22
crude,166,6
char,172,0
soy,172,0
hurt,11,160
spent,54,117
pressing,65,106
due,130,41
machine,149,22
equal,160,11
fishing,165,6
loan,170,1
finely,171,0
throbbing,0,170
child,83,87
credit,165,5
daughter,17,152
headed,23,146
morning,43,126
port,167,2
miss,51,117
sides,99,69
city,120,48
august,154,14
island,161,7
sliding,1,166
stretched,3,164
wonderful,39,128
driving,60,107
simple,134,33
olive,163,4
union,164,3
nipple,4,162
breast,39,127
figure,55,111
pieces,150,16
bare,7,158
seconds,70,95
window,75,90
graphics,165,0
stared,2,162
dressed,11,153
drink,54,110
commitments,163,1
atlantic,164,0
kissing,6,157
smile,12,151
tied,12,151
bedroom,13,150
happy,63,100
developed,125,38
color,129,34
ambassador,152,11
cooked,157,6
fusion,160,3
ships,162,1
master,60,102
steve,67,95
final,80,82
nuclear,160,2
erect,6,155
join,52,109
released,61,100
growing,70,91
follow,81,80
higher,102,59
dave,133,28
numbers,146,15
popular,151,10
industry,158,3
agricultural,161,0
compulsory,161,0
disney,161,0
belly,1,159
touched,12,148
locked,23,137
played,41,119
street,127,33
interested,82,77
located,145,14
percent,155,4
function,156,3
shirt,7,151
carefully,69,89
works,139,19
assembly,157,1
merchant,158,0
sight,20,137
shoot,34,123
rock,50,107
eye,84,73
sea,148,9
grated,155,2
muffins,156,1
wondered,10,146
juices,11,145
letting,21,135
peter,53,103
fall,67,89
memory,138,18
degrees,147,9
default,156,0
stroking,2,153
shower,5,150
fill,91,64
places,111,44
vote,154,1
deeper,21,133
afraid,23,131
desire,29,125
helped,36,118
original,137,17
bra,0,153
coat,114,39
test,134,19
provided,135,18
location,141,12
select,147,6
network,149,4
shaft,2,150
pick,54,98
fire,65,87
plan,86,66
receive,135,17
registered,142,10
transfer,144,8
reduce,146,6
chair,8,143
closer,15,136
forced,32,119
points,137,14
vegetables,149,2
diskette,151,0
federal,151,0
jerked,0,150
cheeks,2,148
wore,6,144
beneath,8,142
surprised,13,137
kitchen,69,81
share,91,59
pass,99,51
normal,107,43
station,139,11
gas,142,8
production,143,7
vice,144,6
cake,145,5
muscles,6,143
joyce,12,137
aware,36,113
considered,101,48
charge,118,31
calls,136,13
chocolate,136,13
iron,138,11
saute,149,0
totaling,149,0
hunter,16,132
baby,27,121
activity,132,16
option,143,5
france,147,1
cornstarch,148,0
variable,148,0
sexy,0,147
hung,13,134
foot,29,118
christmas,146,1
chili,147,0
embassy,147,0
pumping,2,144
desk,41,105
post,120,26
strange,38,107
sense,58,87
leaves,126,19
digital,143,2
fax,145,0
crotch,1,143
managed,25,119
shows,115,29
surface,124,20
library,139,5
batch,142,2
animal,63,80
boil,132,11
commercial,137,6
messages,138,5
typed,141,2
potato,143,0
blood,37,105
bottle,40,102
understand,64,78
metal,107,35
result,117,25
magazine,118,24
temperature,131,11
types,137,5
cinnamon,142,0
irrigated,142,0
shook,6,135
stiff,35,106
perfect,44,97
filling,77,64
weeks,81,60
worth,89,52
equipment,122,19
writing,125,16
method,136,5
territory,137,4
dale,139,2
calendar,140,1
chancery,141,0
cried,4,135
lowered,7,132
lying,9,130
linda,13,126
hell,26,113
tender,52,87
ball,70,69
sector,139,0
unicameral,139,0
opening,38,100
walking,47,91
learn,78,60
boiling,118,20
japan,135,3
nose,32,105
glad,37,100
period,117,20
characters,118,19
la,132,5
jack,80,56
coffee,92,44
serving,128,8
feels,16,119
pool,20,115
weight,49,86
spoke,60,75
lead,69,66
field,122,13
dish,132,3
blend,134,1
stroke,1,133
laughed,5,129
enjoying,6,128
parents,23,111
mine,42,92
spend,53,81
earlier,58,76
combination,99,34
regular,103,30
required,115,18
problems,116,17
record,116,17
fruit,121,12
directory,131,2
corn,132,1
dildo,0,132
squeezed,5,127
flesh,14,118
meant,39,93
trouble,60,72
letter,92,40
cost,118,14
waist,0,131
pumped,1,130
jumped,9,122
sleep,22,109
eating,41,90
extra,86,45
received,92,39
effective,124,7
coast,126,5
pacific,128,3
consumer,130,1
cookbook,131,0
buried,5,125
figured,15,115
wanting,17,113
grew,35,95
supposed,51,79
deal,70,60
release,76,54
ways,78,52
reality,102,28
issue,114,16
mg,130,0
tomato,130,0
lovely,6,123
putting,41,88
strip,66,63
interesting,88,41
language,121,8
salad,128,1
brian,21,107
sensitive,30,98
books,77,51
response,86,42
active,113,15
domestic,123,5
petroleum,126,2
onions,128,0
horny,0,127
evening,17,110
named,96,31
melted,111,16
christian,123,4
vagina,0,126
seat,24,102
happen,46,80
experienced,51,75
rolling,61,65
built,69,57
mixing,114,12
ii,123,3
export,126,0
broke,24,101
learned,50,75
silver,103,22
separate,108,17
md,125,0
breathing,1,123
moaning,1,123
whispered,1,123
exposed,26,98
appeared,46,78
keeping,52,72
dead,85,39
guide,100,24
wrote,105,19
included,111,13
results,113,11
chemical,121,3
inland,124,0
ginny,0,123
slip,9,114
karen,106,17
remote,110,13
bands,119,4
diced,123,0
info,123,0
sour,123,0
wall,36,86
bag,54,68
proper,89,33
ability,104,18
dollar,104,18
greased,104,18
modern,114,8
workers,116,6
related,117,5
culture,120,2
stuck,14,107
blow,45,76
brain,75,46
recent,108,13
aid,114,7
spoon,114,7
horizontal,116,5
functions,118,3
agriculture,121,0
annually,121,0
socialist,121,0
obvious,35,85
powerful,46,74
expect,59,61
today,71,49
author,90,30
track,94,26
largest,110,10
centered,111,9
vinegar,120,0
buttocks,0,119
grinned,2,117
blond,34,85
fear,46,73
offered,47,72
rick,49,70
adult,68,51
poor,80,39
narrow,83,36
stock,106,13
potential,112,7
bay,113,6
james,119,0
shoulders,2,116
throat,2,116
suit,28,90
dog,33,85
chip,35,83
expected,45,73
loose,49,69
band,85,33
accepted,94,24
raw,94,24
greater,96,22
generally,107,11
responsibility,113,5
cr,118,0
meters,118,0
butt,1,116
jerk,3,114
bigger,25,92
male,29,88
increased,67,50
plain,99,18
range,108,9
war,112,5
gasped,0,116
bathroom,8,108
facing,17,99
lie,18,98
crack,33,83
sign,75,41
gold,83,33
rights,93,23
selected,94,22
frozen,98,18
target,106,10
staring,4,111
couch,7,108
virgin,29,86
picture,50,65
electric,78,37
driver,95,20
purpose,95,20
pat,108,7
swallowed,3,111
imagine,34,80
series,68,46
prevent,69,45
training,69,45
choice,82,32
rise,83,31
keys,98,16
maximum,105,9
package,106,8
boundary,112,2
bean,113,1
independence,113,1
hacking,114,0
wheat,114,0
barb,4,109
bet,19,94
candy,23,90
firmly,50,63
report,61,52
split,61,52
brush,76,37
park,82,31
mass,88,25
consists,111,2
month,71,41
paid,71,41
switch,80,32
format,109,3
preheat,112,0
waited,3,108
jane,4,107
joined,14,97
suggested,23,88
shut,47,64
town,48,63
summer,58,53
richard,66,45
increase,94,17
average,96,15
avenue,104,7
fold,104,7
tropical,105,6
fry,110,1
beta,111,0
teeth,20,90
arrived,24,86
bar,32,78
speak,56,54
shared,62,48
items,85,25
card,97,13
areas,98,12
freshly,99,11
mountains,106,4
review,106,4
article,109,1
error,109,1
tbsp,110,0
vegetarian,110,0
lust,1,108
stomach,4,105
tears,16,93
handed,20,89
showing,25,84
slight,26,83
unable,35,74
stick,50,59
offer,81,28
robert,100,9
communication,105,4
status,105,4
shoved,1,107
drew,4,104
reaching,12,96
shoulder,16,92
sheet,55,53
calling,71,37
honey,85,23
parts,86,22
request,95,13
beaten,96,12
groups,100,8
health,101,7
history,103,5
specific,103,5
climbed,2,105
slit,2,105
hanging,16,91
spot,30,77
wrong,60,47
road,63,44
avoid,69,38
physical,72,35
games,77,30
shape,78,29
pound,80,27
highly,86,21
style,87,20
present,92,15
output,107,0
beer,56,50
sharp,59,47
served,67,39
peeled,81,25
features,95,11
department,98,8
internal,99,7
rose,33,72
movie,42,63
difficult,71,34
lee,103,2
claims,104,1
saint,104,1
asshole,0,104
exciting,12,92
remembered,16,88
realize,29,75
inserted,33,71
giant,43,61
hotel,61,43
possibly,62,42
trust,65,39
involved,69,35
ends,74,30
pot,76,28
published,96,8
deputy,103,1
blondes,104,0
loans,104,0
yeast,104,0
slippery,4,99
replied,7,96
invited,13,90
pointed,18,85
eventually,39,64
seed,51,52
reserved,72,31
nature,73,30
design,91,12
lubricants,100,3
african,101,2
insurance,102,1
guided,5,97
apartment,9,93
cute,9,93
planned,46,56
turns,51,51
paul,59,43
carry,71,31
adding,75,27
flight,75,27
account,85,17
charged,88,14
market,92,10
traditional,92,10
chinese,97,5
menu,101,1
policy,101,1
mustard,102,0
parsley,102,0
tablespoons,102,0
knelt,0,101
jerking,1,100
touching,6,95
hoped,7,94
smell,10,91
conversation,24,77
motion,31,70
doors,62,39
safe,64,37
lack,73,28
path,76,25
print,87,14
search,87,14
media,91,10
produce,94,7
america,101,0
moan,0,100
wished,8,92
lunch,28,72
bright,32,68
son,46,54
meeting,47,53
moves,59,41
recently,78,22
drained,82,18
block,85,15
statement,88,12
news,93,7
listed,97,3
relay,99,1
ministers,100,0
blouse,0,99
carol,7,92
button,37,62
outer,60,39
mixed,68,31
spring,72,27
initial,74,25
stars,80,19
square,81,18
discussion,83,16
damage,89,10
dripping,0,98
excitement,10,88
proceeded,15,83
ended,19,79
replaced,51,47
wash,59,39
portion,80,18
depth,84,14
william,94,4
chamber,96,2
goods,96,2
processing,98,0
sesame,98,0
ordered,11,86
deeply,14,83
threw,14,83
josh,15,82
intense,17,80
bodies,21,76
wondering,25,72
usual,34,63
grow,40,57
principal,80,17
learning,82,15
university,86,11
wire,88,9
michael,89,8
price,91,6
garden,93,4
improved,94,3
celery,97,0
consulates,97,0
groaned,0,96
tasted,4,92
pictures,29,67
forget,38,58
lose,42,54
reaction,44,52
attempt,62,34
shown,66,30
wrap,66,30
remain,67,29
multiple,74,22
variety,87,9
operation,89,7
eastern,92,4
requires,92,4
slice,93,3
coastal,96,0
quivering,1,94
belt,22,73
college,44,51
extremely,50,45
plastic,73,22
distributed,74,21
term,78,17
effects,79,16
bank,83,12
cabinet,89,6
congress,94,1
dorothy,94,1
registration,95,0
parted,0,94
thoughts,19,75
incredibly,21,73
uncle,21,73
kathy,24,70
remained,33,61
fight,48,46
miles,51,43
born,71,23
designed,75,19
names,76,18
objects,86,8
copies,87,7
keyboard,92,2
deception,94,0
margarine,94,0
sylvia,94,0
lap,6,87
loud,14,79
towel,15,78
dan,36,57
opportunity,38,55
empty,40,53
plans,42,51
carried,43,50
sherry,43,50
discovered,52,41
protection,86,7
research,87,6
exist,90,3
slices,92,1
variables,92,1
broth,93,0
passion,7,85
stayed,9,83
delicious,19,73
hide,23,69
crossed,29,63
familiar,31,61
bought,35,57
activities,63,29
switched,63,29
knowledge,69,23
register,83,9
primary,90,2
society,91,1
jurisdiction,92,0
moist,12,79
tall,24,67
massive,28,63
fairly,41,50
ago,52,39
fixed,52,39
wood,64,27
complex,80,11
annual,83,8
construction,88,3
boards,89,2
underground,89,2
skillet,90,1
global,91,0
nodded,0,90
jeans,2,88
afternoon,10,80
surprise,14,76
gary,20,70
settled,22,68
burning,28,62
absolutely,29,61
dream,30,60
hundred,41,49
sending,45,45
hearing,46,44
carl,52,38
accept,54,36
formed,54,36
palm,55,35
displayed,68,22
meaning,74,16
automatically,82,8
germany,89,1
technical,89,1
softly,2,87
cry,6,83
kid,30,59
ahead,41,48
leading,47,42
fair,51,38
easier,62,27
choose,77,12
excellent,77,12
soda,79,10
description,81,8
peanut,84,5
commands,87,2
seeds,87,2
relaxed,2,86
quiet,14,74
sam,16,72
drinks,21,67
introduced,23,65
walls,24,64
answered,26,62
busy,35,53
nuts,40,48
finding,42,46
raise,42,46
kill,54,34
river,74,14
entry,77,11
melt,77,11
product,82,6
italian,84,4
muffin,85,3
crackers,86,2
africa,87,1
constitutional,88,0
sensation,0,87
stud,0,87
dad,8,79
causing,36,51
hang,46,41
determined,52,35
distance,58,29
shake,60,27
produced,64,23
pizza,73,14
dollars,74,13
vehicle,80,7
european,81,6
peel,84,3
cookie,85,2
battery,86,1
ussr,87,0
gloria,3,83
sudden,15,71
waves,37,49
allowing,40,46
count,68,18
ideas,70,16
minor,78,8
cash,82,4
chang,85,1
operating,86,0
pc,86,0
quietly,4,81
married,10,75
trip,25,60
pin,34,51
beach,39,46
strength,41,44
escape,60,25
gradually,62,23
convention,74,11
correct,75,10
latest,75,10
angeles,77,8
channel,79,6
structure,79,6
extract,82,3
refined,83,2
editor,85,0
caressing,0,84
slave,5,79
loving,7,77
bound,9,75
dirty,15,69
agreed,17,67
sleeping,17,67
weekend,18,66
lights,20,64
rubber,20,64
incredible,22,62
saturday,22,62
covering,26,58
friday,26,58
stuffed,29,55
debbie,34,50
rising,38,46
careful,48,36
holes,60,24
conference,66,18
pack,73,11
texas,76,8
toss,76,8
independent,80,4
options,81,3
ascii,82,2
china,82,2
delay,82,2
northern,82,2
royal,82,2
lewd,0,83
bikini,2,81
eager,7,76
shock,13,70
finish,25,58
randy,34,49
permission,37,46
flow,39,44
occasionally,43,40
throw,58,25
acts,70,13
el,70,13
owned,73,10
evidence,75,8
site,75,8
bacon,76,7
exit,77,6
dependent,83,0
erection,0,82
ladies,6,76
spreading,13,69
gentle,15,67
explained,19,63
cotton,23,59
attached,26,56
comfortable,27,55
younger,30,52
mentioned,46,36
connected,52,30
instant,52,30
adventure,56,26
illegal,64,18
project,68,14
device,69,13
terms,73,9
require,75,7
differences,78,4
exclusive,80,2
ping,80,2
submarine,81,1
vaginal,0,81
horse,18,63
squeeze,19,62
bear,22,59
perfectly,22,59
reply,32,49
lean,34,47
staff,42,39
relationship,44,37
intended,45,36
decide,47,34
setting,57,24
tells,57,24
grand,68,13
degree,69,12
layer,75,6
illicit,79,2
lime,79,2
asparagus,80,1
codes,80,1
resources,80,1
australia,81,0
massachusetts,81,0
screamed,1,79
shoes,7,73
screw,11,69
stream,14,66
noise,21,59
camera,23,57
draw,28,52
explain,36,44
students,50,30
study,57,23
strain,58,22
task,65,15
comments,66,14
letters,67,13
ginger,74,6
mission,78,2
represented,78,2
cysts,80,0
iris,80,0
